title,author,language,genre,archive_link,identifier,cover_url,download_url
A Vocabulary of the Kashmiri Language,W.L. Elmslie,English,Language & Linguistics,https://archive.org/details/burzahom-a-vocabulary-of-the-kashmiri-language,burzahom-a-vocabulary-of-the-kashmiri-language,https://archive.org/services/img/burzahom-a-vocabulary-of-the-kashmiri-language,https://archive.org/download/burzahom-a-vocabulary-of-the-kashmiri-language/burzahom-a-vocabulary-of-the-kashmiri-language.pdf
Call Me Ishmael Tonight: A Book of Ghazals,Agha Shahid Ali,English,Poetry & Literature,https://archive.org/details/burzahom-call-me-ishmael-tonight-a-book-of-ghazals,burzahom-call-me-ishmael-tonight-a-book-of-ghazals,https://archive.org/services/img/burzahom-call-me-ishmael-tonight-a-book-of-ghazals,https://archive.org/download/burzahom-call-me-ishmael-tonight-a-book-of-ghazals/burzahom-call-me-ishmael-tonight-a-book-of-ghazals.pdf
Rooms Are Never Finished: Poems,Agha Shahid Ali,English,Poetry & Literature,https://archive.org/details/burzahom-rooms-are-never-finished-poems,burzahom-rooms-are-never-finished-poems,https://archive.org/services/img/burzahom-rooms-are-never-finished-poems,https://archive.org/download/burzahom-rooms-are-never-finished-poems/burzahom-rooms-are-never-finished-poems.pdf
Article 370,M.K. Teng,English,Politics & Law,https://archive.org/details/burzahom-article-370,burzahom-article-370,https://archive.org/services/img/burzahom-article-370,https://archive.org/download/burzahom-article-370/burzahom-article-370.pdf
Islamic Nations and Kashmir Problem,Attar Chand,English,Politics & Law,https://archive.org/details/burzahom-islamic-nations-and-kashmir-problem,burzahom-islamic-nations-and-kashmir-problem,https://archive.org/services/img/burzahom-islamic-nations-and-kashmir-problem,https://archive.org/download/burzahom-islamic-nations-and-kashmir-problem/burzahom-islamic-nations-and-kashmir-problem.pdf
A Dictionary of Kashmiri Language,George Grierson,English,Language & Linguistics,https://archive.org/details/burzahom-a-dictionary-of-kashmiri-language,burzahom-a-dictionary-of-kashmiri-language,https://archive.org/services/img/burzahom-a-dictionary-of-kashmiri-language,https://archive.org/download/burzahom-a-dictionary-of-kashmiri-language/burzahom-a-dictionary-of-kashmiri-language.pdf
Beyond the Pir Panjal,Ernest Neve,English,Travelogue,https://archive.org/details/burzahom-beyond-the-pir-panjal,burzahom-beyond-the-pir-panjal,https://archive.org/services/img/burzahom-beyond-the-pir-panjal,https://archive.org/download/burzahom-beyond-the-pir-panjal/burzahom-beyond-the-pir-panjal.pdf
Buddhism in Kashmir and Ladakh,J.N. Ganhar,English,Religion & Philosophy,https://archive.org/details/burzahom-buddhism-in-kashmir-and-ladakh,burzahom-buddhism-in-kashmir-and-ladakh,https://archive.org/services/img/burzahom-buddhism-in-kashmir-and-ladakh,https://archive.org/download/burzahom-buddhism-in-kashmir-and-ladakh/burzahom-buddhism-in-kashmir-and-ladakh.pdf
Daughters of the Vitasta,Prem Nath Bazaz,English,History,https://archive.org/details/burzahom-daughters-of-the-vitasta,burzahom-daughters-of-the-vitasta,https://archive.org/services/img/burzahom-daughters-of-the-vitasta,https://archive.org/download/burzahom-daughters-of-the-vitasta/burzahom-daughters-of-the-vitasta.pdf
Demystifying Kashmir,Navnita Chadha Behera,English,Politics & Law,https://archive.org/details/burzahom-demystifying-kashmir,burzahom-demystifying-kashmir,https://archive.org/services/img/burzahom-demystifying-kashmir,https://archive.org/download/burzahom-demystifying-kashmir/burzahom-demystifying-kashmir.pdf
Dogra Rulers of Jammu and Kashmir,Sat Parkash Suri,English,History,https://archive.org/details/burzahom-dogra-rulers-of-jammu-and-kashmir,burzahom-dogra-rulers-of-jammu-and-kashmir,https://archive.org/services/img/burzahom-dogra-rulers-of-jammu-and-kashmir,https://archive.org/download/burzahom-dogra-rulers-of-jammu-and-kashmir/burzahom-dogra-rulers-of-jammu-and-kashmir.pdf
Emergence of Political Awakening in Kashmir,U.K. Zutshi,English,History,https://archive.org/details/burzahom-emergence-of-political-awakening-in-kashmir,burzahom-emergence-of-political-awakening-in-kashmir,https://archive.org/services/img/burzahom-emergence-of-political-awakening-in-kashmir,https://archive.org/download/burzahom-emergence-of-political-awakening-in-kashmir/burzahom-emergence-of-political-awakening-in-kashmir.pdf
Hindu Kashmir,F.M. Hassnain,English,History,https://archive.org/details/burzahom-hindu-kashmir,burzahom-hindu-kashmir,https://archive.org/services/img/burzahom-hindu-kashmir,https://archive.org/download/burzahom-hindu-kashmir/burzahom-hindu-kashmir.pdf
History of Jammu,J. Hutchison & J. Ph. Vogel,English,History,https://archive.org/details/burzahom-history-of-jammu,burzahom-history-of-jammu,https://archive.org/services/img/burzahom-history-of-jammu,https://archive.org/download/burzahom-history-of-jammu/burzahom-history-of-jammu.pdf
"India, Pakistan and the Secret Jihad",Praveen Swami,English,Politics & Law,https://archive.org/details/burzahom-india-pakistan-and-the-secret-jihad,burzahom-india-pakistan-and-the-secret-jihad,https://archive.org/services/img/burzahom-india-pakistan-and-the-secret-jihad,https://archive.org/download/burzahom-india-pakistan-and-the-secret-jihad/burzahom-india-pakistan-and-the-secret-jihad.pdf
Jammu - Kashmir - Ladakh,Parvez Dewan,English,Travelogue,https://archive.org/details/burzahom-jammu--kashmir--ladakh,burzahom-jammu--kashmir--ladakh,https://archive.org/services/img/burzahom-jammu--kashmir--ladakh,https://archive.org/download/burzahom-jammu--kashmir--ladakh/burzahom-jammu--kashmir--ladakh.pdf
Jammu and Kashmir,Jyoti Bhusan Das Gupta,English,Politics & Law,https://archive.org/details/burzahom-jammu-and-kashmir,burzahom-jammu-and-kashmir,https://archive.org/services/img/burzahom-jammu-and-kashmir,https://archive.org/download/burzahom-jammu-and-kashmir/burzahom-jammu-and-kashmir.pdf
Kashmir,Chiragh Hasan Hasrat,Urdu,Poetry & Literature,https://archive.org/details/burzahom-kashmir,burzahom-kashmir,https://archive.org/services/img/burzahom-kashmir,https://archive.org/download/burzahom-kashmir/burzahom-kashmir.pdf
Kashmir Conflict as War Journalism,Lee & Maslog,English,Journalism & Media,https://archive.org/details/burzahom-kashmir-conflict-as-war-journalism,burzahom-kashmir-conflict-as-war-journalism,https://archive.org/services/img/burzahom-kashmir-conflict-as-war-journalism,https://archive.org/download/burzahom-kashmir-conflict-as-war-journalism/burzahom-kashmir-conflict-as-war-journalism.pdf
Kashmir Conspiracy Case,Sheikh Abdullah,English,Politics & Law,https://archive.org/details/burzahom-kashmir-conspiracy-case,burzahom-kashmir-conspiracy-case,https://archive.org/services/img/burzahom-kashmir-conspiracy-case,https://archive.org/download/burzahom-kashmir-conspiracy-case/burzahom-kashmir-conspiracy-case.pdf
Kashmir First,Mohammad Ashraf,English,Politics & Law,https://archive.org/details/burzahom-kashmir-first,burzahom-kashmir-first,https://archive.org/services/img/burzahom-kashmir-first,https://archive.org/download/burzahom-kashmir-first/burzahom-kashmir-first.pdf
Kashmir in Comparative Perspective,Sten Widmalm,English,Politics & Law,https://archive.org/details/burzahom-kashmir-in-comparative-perspective,burzahom-kashmir-in-comparative-perspective,https://archive.org/services/img/burzahom-kashmir-in-comparative-perspective,https://archive.org/download/burzahom-kashmir-in-comparative-perspective/burzahom-kashmir-in-comparative-perspective.pdf
Kashmir in Flames,Sanaullah Bhat,English,Politics & Law,https://archive.org/details/burzahom-kashmir-in-flames,burzahom-kashmir-in-flames,https://archive.org/services/img/burzahom-kashmir-in-flames,https://archive.org/download/burzahom-kashmir-in-flames/burzahom-kashmir-in-flames.pdf
Kashmir On Trial,Sheikh Abdullah,English,Politics & Law,https://archive.org/details/burzahom-kashmir-on-trial,burzahom-kashmir-on-trial,https://archive.org/services/img/burzahom-kashmir-on-trial,https://archive.org/download/burzahom-kashmir-on-trial/burzahom-kashmir-on-trial.pdf
Kashmir: Towards Insurgency,Balraj Puri,English,Politics & Law,https://archive.org/details/burzahom-kashmir-towards-insurgency,burzahom-kashmir-towards-insurgency,https://archive.org/services/img/burzahom-kashmir-towards-insurgency,https://archive.org/download/burzahom-kashmir-towards-insurgency/burzahom-kashmir-towards-insurgency.pdf
"Kashmir, 1947: Rival Versions of History",Prem Shankar Jha,English,History,https://archive.org/details/burzahom-kashmir-1947-rival-versions-of-history,burzahom-kashmir-1947-rival-versions-of-history,https://archive.org/services/img/burzahom-kashmir-1947-rival-versions-of-history,https://archive.org/download/burzahom-kashmir-1947-rival-versions-of-history/burzahom-kashmir-1947-rival-versions-of-history.pdf
Living Uncertainties,Muhammed,English,Academic & Research,https://archive.org/details/burzahom-living-uncertainties,burzahom-living-uncertainties,https://archive.org/services/img/burzahom-living-uncertainties,https://archive.org/download/burzahom-living-uncertainties/burzahom-living-uncertainties.pdf
Death and Sheikh Abdullah,Mukerji,English,History,https://archive.org/details/burzahom-death-and-sheikh-abdullah,burzahom-death-and-sheikh-abdullah,https://archive.org/services/img/burzahom-death-and-sheikh-abdullah,https://archive.org/download/burzahom-death-and-sheikh-abdullah/burzahom-death-and-sheikh-abdullah.pdf
My Seditious Heart,Arundhati Roy,English,Politics & Law,https://archive.org/details/burzahom-my-seditious-heart,burzahom-my-seditious-heart,https://archive.org/services/img/burzahom-my-seditious-heart,https://archive.org/download/burzahom-my-seditious-heart/burzahom-my-seditious-heart.pdf
Our Real Crime,Yasin Malik,English,Politics & Law,https://archive.org/details/burzahom-our-real-crime,burzahom-our-real-crime,https://archive.org/services/img/burzahom-our-real-crime,https://archive.org/download/burzahom-our-real-crime/burzahom-our-real-crime.pdf
Rajatarangini Vol 1,Kalhana,English,History,https://archive.org/details/burzahom-rajatarangini-vol-1,burzahom-rajatarangini-vol-1,https://archive.org/services/img/burzahom-rajatarangini-vol-1,https://archive.org/download/burzahom-rajatarangini-vol-1/burzahom-rajatarangini-vol-1.pdf
Kashmir at the Crossroads: Inside a 21st Century Conflict,Sumantra Bose,English,Politics & Law,https://archive.org/details/burzahom-a-trip-to-kashmir,burzahom-a-trip-to-kashmir,https://archive.org/services/img/burzahom-a-trip-to-kashmir,https://archive.org/download/burzahom-a-trip-to-kashmir/burzahom-a-trip-to-kashmir.pdf
Kashmir Rediscovered: The Vicissitudes of Kashmir's History,Abdul Ahad,English,History,https://archive.org/details/burzahom-abc-of-kashmir-question,burzahom-abc-of-kashmir-question,https://archive.org/services/img/burzahom-abc-of-kashmir-question,https://archive.org/download/burzahom-abc-of-kashmir-question/burzahom-abc-of-kashmir-question.pdf
The Kashmir Question,A.G. Noorani,English,Politics & Law,https://archive.org/details/burzahom-1930-founding-of-the-kashmir-state,burzahom-1930-founding-of-the-kashmir-state,https://archive.org/services/img/burzahom-1930-founding-of-the-kashmir-state,https://archive.org/download/burzahom-1930-founding-of-the-kashmir-state/burzahom-1930-founding-of-the-kashmir-state.pdf
Resisting Occupation in Kashmir,"Haley Duschinski, Mona Bhan, Ather Zia, Cynthia Mahmood",English,Academic & Research,https://archive.org/details/burzahom-a-mission-in-kashmir,burzahom-a-mission-in-kashmir,https://archive.org/services/img/burzahom-a-mission-in-kashmir,https://archive.org/download/burzahom-a-mission-in-kashmir/burzahom-a-mission-in-kashmir.pdf
The Untold Story of Jihad in Kashmir,Arif Jamal,English,Politics & Law,https://archive.org/details/burzahom-a-dismantled-state-the-untold-story-of-kashmir-after-article-370,burzahom-a-dismantled-state-the-untold-story-of-kashmir-after-article-370,https://archive.org/services/img/burzahom-a-dismantled-state-the-untold-story-of-kashmir-after-article-370,https://archive.org/download/burzahom-a-dismantled-state-the-untold-story-of-kashmir-after-article-370/burzahom-a-dismantled-state-the-untold-story-of-kashmir-after-article-370.pdf
Dictionary of Kashmiri Proverbs and Sayings,J. Hinton Knowles,English,Language & Linguistics,https://archive.org/details/burzahom-farooq-of-kashmir,burzahom-farooq-of-kashmir,https://archive.org/services/img/burzahom-farooq-of-kashmir,https://archive.org/download/burzahom-farooq-of-kashmir/burzahom-farooq-of-kashmir.pdf
Travels in Kashmir and Punjab,Baron Charles Hugel,English,Travelogue,https://archive.org/details/burzahom-central-asia-and-kashmir,burzahom-central-asia-and-kashmir,https://archive.org/services/img/burzahom-central-asia-and-kashmir,https://archive.org/download/burzahom-central-asia-and-kashmir/burzahom-central-asia-and-kashmir.pdf
Diaspora Youth and Ancestral Homeland,Gill Cressey,English,Academic & Research,https://archive.org/details/burzahom-diaspora-youth-and-ancestral-homeland-british-pakistanikashmiri-youth,burzahom-diaspora-youth-and-ancestral-homeland-british-pakistanikashmiri-youth,https://archive.org/services/img/burzahom-diaspora-youth-and-ancestral-homeland-british-pakistanikashmiri-youth,https://archive.org/download/burzahom-diaspora-youth-and-ancestral-homeland-british-pakistanikashmiri-youth/burzahom-diaspora-youth-and-ancestral-homeland-british-pakistanikashmiri-youth.pdf
Kashmir's Transition to Islam: The Role of Muslim Rishis,M. Ishaq Khan,English,Religion & Philosophy,https://archive.org/details/burzahom-kashmir-in-transition-18851893,burzahom-kashmir-in-transition-18851893,https://archive.org/services/img/burzahom-kashmir-in-transition-18851893,https://archive.org/download/burzahom-kashmir-in-transition-18851893/burzahom-kashmir-in-transition-18851893.pdf
"The Pity of Partition: Manto's Life, Times, and Work Across the India-Pakistan Divide",Ayesha Jalal,English,Biography/Memoir,https://archive.org/details/burzahom-end-of-india,burzahom-end-of-india,https://archive.org/services/img/burzahom-end-of-india,https://archive.org/download/burzahom-end-of-india/burzahom-end-of-india.pdf
Kashmir Insurgency and After,Balraj Puri,English,Politics & Law,https://archive.org/details/burzahom-historical-destiny-of-kashmir-insurgency,burzahom-historical-destiny-of-kashmir-insurgency,https://archive.org/services/img/burzahom-historical-destiny-of-kashmir-insurgency,https://archive.org/download/burzahom-historical-destiny-of-kashmir-insurgency/burzahom-historical-destiny-of-kashmir-insurgency.pdf
The Kashmiri Pandits: A Study of Cultural Choice in North India,Henny Sender,English,Academic & Research,https://archive.org/details/burzahom-the-kashmir-question,burzahom-the-kashmir-question,https://archive.org/services/img/burzahom-the-kashmir-question,https://archive.org/download/burzahom-the-kashmir-question/burzahom-the-kashmir-question.pdf
The Literary Heritage of Kashmir,K.L. Kalla,English,Language & Linguistics,,,,
The Jammu and Kashmir Territories,Frederic Drew,English,History,https://archive.org/details/burzahom-geography-of-the-jammu-and-kashmir-state,burzahom-geography-of-the-jammu-and-kashmir-state,https://archive.org/services/img/burzahom-geography-of-the-jammu-and-kashmir-state,https://archive.org/download/burzahom-geography-of-the-jammu-and-kashmir-state/burzahom-geography-of-the-jammu-and-kashmir-state.pdf
"Kashmir: Roots of Conflict, Paths to Peace",Sumantra Bose,English,Politics & Law,https://archive.org/details/burzahom-kashmir-archaeology,burzahom-kashmir-archaeology,https://archive.org/services/img/burzahom-kashmir-archaeology,https://archive.org/download/burzahom-kashmir-archaeology/burzahom-kashmir-archaeology.pdf
Kashmir Historiographer,Fazili,English,History,https://archive.org/details/burzahom-kashmir-bibliography,burzahom-kashmir-bibliography,https://archive.org/services/img/burzahom-kashmir-bibliography,https://archive.org/download/burzahom-kashmir-bibliography/burzahom-kashmir-bibliography.pdf
The Untold Story of the People of Azad Kashmir,Christopher Snedden,English,History,https://archive.org/details/burzahom-kashmir-historiographer,burzahom-kashmir-historiographer,https://archive.org/services/img/burzahom-kashmir-historiographer,https://archive.org/download/burzahom-kashmir-historiographer/burzahom-kashmir-historiographer.pdf
Kashmir Women Empowerment and National Conference,Shahzada Akhter,English,Politics & Law,https://archive.org/details/burzahom-kashmir-me-amn,burzahom-kashmir-me-amn,https://archive.org/services/img/burzahom-kashmir-me-amn,https://archive.org/download/burzahom-kashmir-me-amn/burzahom-kashmir-me-amn.pdf
The Secrets of Ishbar: Poems on Kashmir,Subhash Kak,English,Poetry & Literature,https://archive.org/details/burzahom-kashmir-shaivism,burzahom-kashmir-shaivism,https://archive.org/services/img/burzahom-kashmir-shaivism,https://archive.org/download/burzahom-kashmir-shaivism/burzahom-kashmir-shaivism.pdf
"Travels in Kashmir, Ladak, Iskardo",Godfrey Thomas Vigne,English,Travelogue,https://archive.org/details/burzahom-red-menace-in-kashmir,burzahom-red-menace-in-kashmir,https://archive.org/services/img/burzahom-red-menace-in-kashmir,https://archive.org/download/burzahom-red-menace-in-kashmir/burzahom-red-menace-in-kashmir.pdf
Structures of Violence (Main Report),IPTK & APDP,English,Human Rights & Conflict,https://archive.org/details/burzahom-report,burzahom-report,https://archive.org/services/img/burzahom-report,https://archive.org/download/burzahom-report/burzahom-report.pdf
The Half-Inch Himalayas,Agha Shahid Ali,English,Poetry & Literature,https://archive.org/details/burzahom-1948-alexander-the-great-vol-2--sources-and-studies,burzahom-1948-alexander-the-great-vol-2--sources-and-studies,https://archive.org/services/img/burzahom-1948-alexander-the-great-vol-2--sources-and-studies,https://archive.org/download/burzahom-1948-alexander-the-great-vol-2--sources-and-studies/burzahom-1948-alexander-the-great-vol-2--sources-and-studies.pdf
The Collaborator,Mirza Waheed,English,Fiction,https://archive.org/details/burzahom-1969-slender-was-the-thread-kashmir-confrontation-194748,burzahom-1969-slender-was-the-thread-kashmir-confrontation-194748,https://archive.org/services/img/burzahom-1969-slender-was-the-thread-kashmir-confrontation-194748,https://archive.org/download/burzahom-1969-slender-was-the-thread-kashmir-confrontation-194748/burzahom-1969-slender-was-the-thread-kashmir-confrontation-194748.pdf
Human Rights Violations in Kashmir,Piotr Balcerowicz & Agnieszka Kuszewska,English,Human Rights & Conflict,https://archive.org/details/burzahom-a-mission-in-kashmir,burzahom-a-mission-in-kashmir,https://archive.org/services/img/burzahom-a-mission-in-kashmir,https://archive.org/download/burzahom-a-mission-in-kashmir/burzahom-a-mission-in-kashmir.pdf
Kashmir and the Future of South Asia,Sugata Bose & Ayesha Jalal,English,Politics & Law,https://archive.org/details/burzahom-kashmir-legacy,burzahom-kashmir-legacy,https://archive.org/services/img/burzahom-kashmir-legacy,https://archive.org/download/burzahom-kashmir-legacy/burzahom-kashmir-legacy.pdf
Kashmir in Conflict,Victoria Schofield,English,History,https://archive.org/details/burzahom-kashmir-prediliction,burzahom-kashmir-prediliction,https://archive.org/services/img/burzahom-kashmir-prediliction,https://archive.org/download/burzahom-kashmir-prediliction/burzahom-kashmir-prediliction.pdf
Telephone Number 71797,Amin Kamil,Kashmiri,Fiction,https://archive.org/details/burzahom-faani-kashmiri,burzahom-faani-kashmiri,https://archive.org/services/img/burzahom-faani-kashmiri,https://archive.org/download/burzahom-faani-kashmiri/burzahom-faani-kashmiri.pdf
Kashmir: A Disputed Legacy 1846-1990,Alastair Lamb,English,History,https://archive.org/details/burzahom-kashir-vol-1,burzahom-kashir-vol-1,https://archive.org/services/img/burzahom-kashir-vol-1,https://archive.org/download/burzahom-kashir-vol-1/burzahom-kashir-vol-1.pdf
Kashmir in the Crossfire,Victoria Schofield,English,History,https://archive.org/details/burzahom-1967-kashmir-in-crucible,burzahom-1967-kashmir-in-crucible,https://archive.org/services/img/burzahom-1967-kashmir-in-crucible,https://archive.org/download/burzahom-1967-kashmir-in-crucible/burzahom-1967-kashmir-in-crucible.pdf
The Kashmir Saga,Sardar M. Ibrahim Khan,English,Biography/Memoir,https://archive.org/details/burzahom-1973-the-kashmir-shawl,burzahom-1973-the-kashmir-shawl,https://archive.org/services/img/burzahom-1973-the-kashmir-shawl,https://archive.org/download/burzahom-1973-the-kashmir-shawl/burzahom-1973-the-kashmir-shawl.pdf
Naya Kashmir,National Conference,Urdu,Politics & Law,https://archive.org/details/burzahom-naya-kashmir-new-kashmir-manifesto,burzahom-naya-kashmir-new-kashmir-manifesto,https://archive.org/services/img/burzahom-naya-kashmir-new-kashmir-manifesto,https://archive.org/download/burzahom-naya-kashmir-new-kashmir-manifesto/burzahom-naya-kashmir-new-kashmir-manifesto.pdf
Inside Azad Kashmir,Luv Puri,English,Politics & Law,https://archive.org/details/burzahom-across-the-line-of-control-inside-azad-kashmir,burzahom-across-the-line-of-control-inside-azad-kashmir,https://archive.org/services/img/burzahom-across-the-line-of-control-inside-azad-kashmir,https://archive.org/download/burzahom-across-the-line-of-control-inside-azad-kashmir/burzahom-across-the-line-of-control-inside-azad-kashmir.pdf
The Parchment of Kashmir,Nyla Ali Khan,English,Politics & Law,https://archive.org/details/burzahom-free-kashmir,burzahom-free-kashmir,https://archive.org/services/img/burzahom-free-kashmir,https://archive.org/download/burzahom-free-kashmir/burzahom-free-kashmir.pdf
India and Kashmir,Tassaduque Hussain,English,Politics & Law,https://archive.org/details/burzahom-article-370-india-and-kashmir,burzahom-article-370-india-and-kashmir,https://archive.org/services/img/burzahom-article-370-india-and-kashmir,https://archive.org/download/burzahom-article-370-india-and-kashmir/burzahom-article-370-india-and-kashmir.pdf
Danger in Kashmir,Josef Korbel,English,Politics & Law,https://archive.org/details/burzahom-challenge-in-kashmir,burzahom-challenge-in-kashmir,https://archive.org/services/img/burzahom-challenge-in-kashmir,https://archive.org/download/burzahom-challenge-in-kashmir/burzahom-challenge-in-kashmir.pdf
Thirty Years in Kashmir,Arthur Neve,English,Biography/Memoir,https://archive.org/details/burzahom-child-labor-in-kashmir,burzahom-child-labor-in-kashmir,https://archive.org/services/img/burzahom-child-labor-in-kashmir,https://archive.org/download/burzahom-child-labor-in-kashmir/burzahom-child-labor-in-kashmir.pdf
Inside Kashmir,Prem Nath Bazaz,English,Politics & Law,https://archive.org/details/burzahom-historic-kashmir,burzahom-historic-kashmir,https://archive.org/services/img/burzahom-historic-kashmir,https://archive.org/download/burzahom-historic-kashmir/burzahom-historic-kashmir.pdf
Kashmiri Lyrics,J.L. Kaul,Kashmiri/English,Poetry & Literature,https://archive.org/details/burzahom-kashmir-legacy,burzahom-kashmir-legacy,https://archive.org/services/img/burzahom-kashmir-legacy,https://archive.org/download/burzahom-kashmir-legacy/burzahom-kashmir-legacy.pdf
"Framing Geelani, Hanging Afzal: Patriotism in the Time of Terror",Nandita Haksar,English,Politics & Law,,,,
The Charm of Kashmir,V.C. Scott O'Connor,English,Travelogue,https://archive.org/details/burzahom-the-crisis-in-kashmir,burzahom-the-crisis-in-kashmir,https://archive.org/services/img/burzahom-the-crisis-in-kashmir,https://archive.org/download/burzahom-the-crisis-in-kashmir/burzahom-the-crisis-in-kashmir.pdf
Kashmir and Kashghar,H.W. Bellew,English,History,https://archive.org/details/burzahom-kashmir-rage-and-reason,burzahom-kashmir-rage-and-reason,https://archive.org/services/img/burzahom-kashmir-rage-and-reason,https://archive.org/download/burzahom-kashmir-rage-and-reason/burzahom-kashmir-rage-and-reason.pdf
Muslim Rule in Kashmir,Wani Nizam'uddin,English,History,https://archive.org/details/burzahom-troubled-kashmir,burzahom-troubled-kashmir,https://archive.org/services/img/burzahom-troubled-kashmir,https://archive.org/download/burzahom-troubled-kashmir/burzahom-troubled-kashmir.pdf
Kashmir Holocaust,Khalid Hassan,English,Human Rights & Conflict,https://archive.org/details/burzahom-hoon,burzahom-hoon,https://archive.org/services/img/burzahom-hoon,https://archive.org/download/burzahom-hoon/burzahom-hoon.pdf
The Indian Ideology,Perry Anderson,English,Politics & Law,https://archive.org/details/burzahom-demystifying-ideology,burzahom-demystifying-ideology,https://archive.org/services/img/burzahom-demystifying-ideology,https://archive.org/download/burzahom-demystifying-ideology/burzahom-demystifying-ideology.pdf
The Road to Kashmir,James Milne,English,Travelogue,https://archive.org/details/burzahom-heritage-of-kashmir,burzahom-heritage-of-kashmir,https://archive.org/services/img/burzahom-heritage-of-kashmir,https://archive.org/download/burzahom-heritage-of-kashmir/burzahom-heritage-of-kashmir.pdf
Kashmir in Sunlight and Shade,C.E. Tyndale-Biscoe,English,Travelogue,https://archive.org/details/burzahom-kashmir-in-security-council,burzahom-kashmir-in-security-council,https://archive.org/services/img/burzahom-kashmir-in-security-council,https://archive.org/download/burzahom-kashmir-in-security-council/burzahom-kashmir-in-security-council.pdf
"Love, Loss, and Longing in Kashmir",Sahba Husain,English,Human Rights & Conflict,https://archive.org/details/burzahom-inside-kashmir,burzahom-inside-kashmir,https://archive.org/services/img/burzahom-inside-kashmir,https://archive.org/download/burzahom-inside-kashmir/burzahom-inside-kashmir.pdf
Women in Kashmir,Shazia Malik,English,Academic & Research,https://archive.org/details/burzahom-red-menace-in-kashmir,burzahom-red-menace-in-kashmir,https://archive.org/services/img/burzahom-red-menace-in-kashmir,https://archive.org/download/burzahom-red-menace-in-kashmir/burzahom-red-menace-in-kashmir.pdf
Kashmir Under the Sultans,Mohibbul Hasan,English,History,https://archive.org/details/burzahom-kashir-luke-baath,burzahom-kashir-luke-baath,https://archive.org/services/img/burzahom-kashir-luke-baath,https://archive.org/download/burzahom-kashir-luke-baath/burzahom-kashir-luke-baath.pdf
Kashmir: Looking Back in Time,Khalid Bashir Ahmad,English,History,https://archive.org/details/burzahom-kashir-vol-2,burzahom-kashir-vol-2,https://archive.org/services/img/burzahom-kashir-vol-2,https://archive.org/download/burzahom-kashir-vol-2/burzahom-kashir-vol-2.pdf
Kashmir: The Vajpayee Years,A.S. Dulat,English,Politics & Law,https://archive.org/details/burzahom-kashir-u-naz,burzahom-kashir-u-naz,https://archive.org/services/img/burzahom-kashir-u-naz,https://archive.org/download/burzahom-kashir-u-naz/burzahom-kashir-u-naz.pdf
Kashmir: The Case for Freedom,"Tariq Ali, Hilal Bhatt, Arundhati Roy",English,Politics & Law,https://archive.org/details/burzahom-kashmir-behind-the-vale,burzahom-kashmir-behind-the-vale,https://archive.org/services/img/burzahom-kashmir-behind-the-vale,https://archive.org/download/burzahom-kashmir-behind-the-vale/burzahom-kashmir-behind-the-vale.pdf
Things Seen in Kashmir,Ernest Neve,English,Travelogue,https://archive.org/details/burzahom-kashmirs-internet-siege,burzahom-kashmirs-internet-siege,https://archive.org/services/img/burzahom-kashmirs-internet-siege,https://archive.org/download/burzahom-kashmirs-internet-siege/burzahom-kashmirs-internet-siege.pdf
New Guide to Kashmir,R.C. Arora,English,Travelogue,https://archive.org/details/burzahom-inside-kashmir,burzahom-inside-kashmir,https://archive.org/services/img/burzahom-inside-kashmir,https://archive.org/download/burzahom-inside-kashmir/burzahom-inside-kashmir.pdf
Masla Kashmir Aur Operation Balakot,Azam Inqilabi,Urdu,Politics & Law,https://archive.org/details/burzahom-jalta-hua-kashmir,burzahom-jalta-hua-kashmir,https://archive.org/services/img/burzahom-jalta-hua-kashmir,https://archive.org/download/burzahom-jalta-hua-kashmir/burzahom-jalta-hua-kashmir.pdf
Kashmir Awakes,Sharma,English,History,https://archive.org/details/burzahom-kashmir-in-flames,burzahom-kashmir-in-flames,https://archive.org/services/img/burzahom-kashmir-in-flames,https://archive.org/download/burzahom-kashmir-in-flames/burzahom-kashmir-in-flames.pdf
Picturesque Kashmir,Arthur Neve,English,Travelogue,https://archive.org/details/burzahom-inside-kashmir,burzahom-inside-kashmir,https://archive.org/services/img/burzahom-inside-kashmir,https://archive.org/download/burzahom-inside-kashmir/burzahom-inside-kashmir.pdf
Scattered Souls,Shahnaz Bashir,English,Fiction,https://archive.org/details/burzahom-kashmir,burzahom-kashmir,https://archive.org/services/img/burzahom-kashmir,https://archive.org/download/burzahom-kashmir/burzahom-kashmir.pdf
1 year after article 370 Amnesty International,Unknown,Unknown,Unknown,https://archive.org/details/burzahom-1-year-after-article-370-amnesty-international,burzahom-1-year-after-article-370-amnesty-international,https://archive.org/services/img/burzahom-1-year-after-article-370-amnesty-international,https://archive.org/download/burzahom-1-year-after-article-370-amnesty-international/burzahom-1-year-after-article-370-amnesty-international.pdf
11010642,Unknown,Unknown,Unknown,https://archive.org/details/burzahom-11010642,burzahom-11010642,https://archive.org/services/img/burzahom-11010642,https://archive.org/download/burzahom-11010642/burzahom-11010642.pdf
120 Days - Report by APDP 2019,APDP (Association of Parents of Disappeared Persons),English,Human Rights & Conflict,https://archive.org/details/burzahom-120-days--report-by-apdp-2019,burzahom-120-days--report-by-apdp-2019,https://archive.org/services/img/burzahom-120-days--report-by-apdp-2019,https://archive.org/download/burzahom-120-days--report-by-apdp-2019/burzahom-120-days--report-by-apdp-2019.pdf
1867 Vocabulary of English Balti and Kashmiri,Godwin Austen,English,Language & Linguistics,https://archive.org/details/burzahom-1867-vocabulary-of-english-balti-and-kashmiri,burzahom-1867-vocabulary-of-english-balti-and-kashmiri,https://archive.org/services/img/burzahom-1867-vocabulary-of-english-balti-and-kashmiri,https://archive.org/download/burzahom-1867-vocabulary-of-english-balti-and-kashmiri/burzahom-1867-vocabulary-of-english-balti-and-kashmiri.pdf
1870 - Kashmir Oppressed and Cashmere Misgovernment,Unknown,English,Politics & Law,https://archive.org/details/burzahom-1870--kashmir-oppressed-and-cashmere-misgovernment,burzahom-1870--kashmir-oppressed-and-cashmere-misgovernment,https://archive.org/services/img/burzahom-1870--kashmir-oppressed-and-cashmere-misgovernment,https://archive.org/download/burzahom-1870--kashmir-oppressed-and-cashmere-misgovernment/burzahom-1870--kashmir-oppressed-and-cashmere-misgovernment.pdf
1887 Journals Kept in Hyderabad Kashmir Sikkim and Nepal Vol. 2,Unknown,English,Travelogue,https://archive.org/details/burzahom-1887-journals-kept-in-hyderabad-kashmir-sikkim-and-nepal-vol-2,burzahom-1887-journals-kept-in-hyderabad-kashmir-sikkim-and-nepal-vol-2,https://archive.org/services/img/burzahom-1887-journals-kept-in-hyderabad-kashmir-sikkim-and-nepal-vol-2,https://archive.org/download/burzahom-1887-journals-kept-in-hyderabad-kashmir-sikkim-and-nepal-vol-2/burzahom-1887-journals-kept-in-hyderabad-kashmir-sikkim-and-nepal-vol-2.pdf
1890 Gazetteer of Kashmir and Ladak,Unknown,English,Reference Works,https://archive.org/details/burzahom-1890-gazetteer-of-kashmir-and-ladak,burzahom-1890-gazetteer-of-kashmir-and-ladak,https://archive.org/services/img/burzahom-1890-gazetteer-of-kashmir-and-ladak,https://archive.org/download/burzahom-1890-gazetteer-of-kashmir-and-ladak/burzahom-1890-gazetteer-of-kashmir-and-ladak.pdf
1890 Condemned Unheard,Unknown,Unknown,Unknown,https://archive.org/details/burzahom-1890-condemned-unheard,burzahom-1890-condemned-unheard,https://archive.org/services/img/burzahom-1890-condemned-unheard,https://archive.org/download/burzahom-1890-condemned-unheard/burzahom-1890-condemned-unheard.pdf
1911 - Kashmir Vol I,Unknown,English,History,https://archive.org/details/burzahom-1911--kashmir-vol-i,burzahom-1911--kashmir-vol-i,https://archive.org/services/img/burzahom-1911--kashmir-vol-i,https://archive.org/download/burzahom-1911--kashmir-vol-i/burzahom-1911--kashmir-vol-i.pdf
1948 Alexander the Great Vol 1 — Narrative,W.W. Tarn,English,History,https://archive.org/details/burzahom-1948-alexander-the-great-vol-1--narrative,burzahom-1948-alexander-the-great-vol-1--narrative,https://archive.org/services/img/burzahom-1948-alexander-the-great-vol-1--narrative,https://archive.org/download/burzahom-1948-alexander-the-great-vol-1--narrative/burzahom-1948-alexander-the-great-vol-1--narrative.pdf
Abhinavagupta: An Historical and Philosophical Study - Volume 1,K.C. Pandey (Kanti Chandra Pandey),English,Religion & Philosophy,https://archive.org/details/burzahom-abhinavagupta-an-historical-and-philosophical-study--volume-1,burzahom-abhinavagupta-an-historical-and-philosophical-study--volume-1,https://archive.org/services/img/burzahom-abhinavagupta-an-historical-and-philosophical-study--volume-1,https://archive.org/download/burzahom-abhinavagupta-an-historical-and-philosophical-study--volume-1/burzahom-abhinavagupta-an-historical-and-philosophical-study--volume-1.pdf
Resisting Disappearance,Unknown,Unknown,Unknown,https://archive.org/details/burzahom-resisting-disappearance,burzahom-resisting-disappearance,https://archive.org/services/img/burzahom-resisting-disappearance,https://archive.org/download/burzahom-resisting-disappearance/burzahom-resisting-disappearance.pdf
1958 Tragedy of Kashmir,Government of Pakistan,English,Government Documents & Reports,https://archive.org/details/burzahom-1958-tragedy-of-kashmir,burzahom-1958-tragedy-of-kashmir,https://archive.org/services/img/burzahom-1958-tragedy-of-kashmir,https://archive.org/download/burzahom-1958-tragedy-of-kashmir/burzahom-1958-tragedy-of-kashmir.pdf
1996 Kashmir in the Crossfire,Victoria Schofield,English,History,https://archive.org/details/burzahom-1996-kashmir-in-the-crossfire,burzahom-1996-kashmir-in-the-crossfire,https://archive.org/services/img/burzahom-1996-kashmir-in-the-crossfire,https://archive.org/download/burzahom-1996-kashmir-in-the-crossfire/burzahom-1996-kashmir-in-the-crossfire.pdf
Agrarian Relations and Social Stratification in Kashmir 1885-1925,Unknown,English,Academic & Research,https://archive.org/details/burzahom-agrarian-relations-and-social-stratification-in-kashmir-18851925,burzahom-agrarian-relations-and-social-stratification-in-kashmir-18851925,https://archive.org/services/img/burzahom-agrarian-relations-and-social-stratification-in-kashmir-18851925,https://archive.org/download/burzahom-agrarian-relations-and-social-stratification-in-kashmir-18851925/burzahom-agrarian-relations-and-social-stratification-in-kashmir-18851925.pdf
"America, India, and Kashmir 1945-49: ""If Ignorance About India...""",Unknown,Unknown,Unknown,https://archive.org/details/burzahom-america-india-and-kashmir-194549-if-ignorance-about-india,burzahom-america-india-and-kashmir-194549-if-ignorance-about-india,https://archive.org/services/img/burzahom-america-india-and-kashmir-194549-if-ignorance-about-india,https://archive.org/download/burzahom-america-india-and-kashmir-194549-if-ignorance-about-india/burzahom-america-india-and-kashmir-194549-if-ignorance-about-india.pdf
Prisoner No. 100: An Account of My Nights and Days in an Indian Prison,Anjum Zamrud Habib,English,Biography/Memoir,https://archive.org/details/burzahom-prisoner-no-100-an-account-of-my-nights-and-days-in-an-indian-prison,burzahom-prisoner-no-100-an-account-of-my-nights-and-days-in-an-indian-prison,https://archive.org/services/img/burzahom-prisoner-no-100-an-account-of-my-nights-and-days-in-an-indian-prison,https://archive.org/download/burzahom-prisoner-no-100-an-account-of-my-nights-and-days-in-an-indian-prison/burzahom-prisoner-no-100-an-account-of-my-nights-and-days-in-an-indian-prison.pdf
"An Ongoing Partition: Histories, Borders, and the Politics of Vivisection",Unknown,English,History,https://archive.org/details/burzahom-an-ongoing-partition-histories-borders-and-the-politics-of-vivisection,burzahom-an-ongoing-partition-histories-borders-and-the-politics-of-vivisection,https://archive.org/services/img/burzahom-an-ongoing-partition-histories-borders-and-the-politics-of-vivisection,https://archive.org/download/burzahom-an-ongoing-partition-histories-borders-and-the-politics-of-vivisection/burzahom-an-ongoing-partition-histories-borders-and-the-politics-of-vivisection.pdf
Archaeological Remains in Kashmir,Unknown,English,"Art, Culture & Archaeology",https://archive.org/details/burzahom-archaeological-remains-in-kashmir,burzahom-archaeological-remains-in-kashmir,https://archive.org/services/img/burzahom-archaeological-remains-in-kashmir,https://archive.org/download/burzahom-archaeological-remains-in-kashmir/burzahom-archaeological-remains-in-kashmir.pdf
Are Health Care Systems Insensitive to Needs of Suicidal Patients?,Unknown,English,Academic & Research,https://archive.org/details/burzahom-are-health-care-systems-insensitive-to-needs-of-suicidal-patients,burzahom-are-health-care-systems-insensitive-to-needs-of-suicidal-patients,https://archive.org/services/img/burzahom-are-health-care-systems-insensitive-to-needs-of-suicidal-patients,https://archive.org/download/burzahom-are-health-care-systems-insensitive-to-needs-of-suicidal-patients/burzahom-are-health-care-systems-insensitive-to-needs-of-suicidal-patients.pdf
"A Long Dream of Home: The Persecution, Exile and Exodus of Kashmiri Pandits",Unknown,English,History,https://archive.org/details/burzahom-a-long-dream-of-home-the-persecution-exile-and-exodus-of-kashmiri-pandits,burzahom-a-long-dream-of-home-the-persecution-exile-and-exodus-of-kashmiri-pandits,https://archive.org/services/img/burzahom-a-long-dream-of-home-the-persecution-exile-and-exodus-of-kashmiri-pandits,https://archive.org/download/burzahom-a-long-dream-of-home-the-persecution-exile-and-exodus-of-kashmiri-pandits/burzahom-a-long-dream-of-home-the-persecution-exile-and-exodus-of-kashmiri-pandits.pdf
Between Democracy and Nations: Gender and Militarisation in Kashmir,Unknown,English,Academic & Research,https://archive.org/details/burzahom-between-democracy-and-nations-gender-and-militarisation-in-kashmir,burzahom-between-democracy-and-nations-gender-and-militarisation-in-kashmir,https://archive.org/services/img/burzahom-between-democracy-and-nations-gender-and-militarisation-in-kashmir,https://archive.org/download/burzahom-between-democracy-and-nations-gender-and-militarisation-in-kashmir/burzahom-between-democracy-and-nations-gender-and-militarisation-in-kashmir.pdf
Birds of Kashmir,Unknown,English,Natural Sciences,https://archive.org/details/burzahom-birds-of-kashmir,burzahom-birds-of-kashmir,https://archive.org/services/img/burzahom-birds-of-kashmir,https://archive.org/download/burzahom-birds-of-kashmir/burzahom-birds-of-kashmir.pdf
Discerning Women's Discursive Frames in CyberKashmir,Unknown,English,Academic & Research,https://archive.org/details/burzahom-discerning-womens-discursive-frames-in-cyberkashmir,burzahom-discerning-womens-discursive-frames-in-cyberkashmir,https://archive.org/services/img/burzahom-discerning-womens-discursive-frames-in-cyberkashmir,https://archive.org/download/burzahom-discerning-womens-discursive-frames-in-cyberkashmir/burzahom-discerning-womens-discursive-frames-in-cyberkashmir.pdf
Do You Remember Kunan Poshpora? (2016),Unknown,English,Human Rights & Conflict,https://archive.org/details/burzahom-do-you-remember-kunan-poshpora-2016,burzahom-do-you-remember-kunan-poshpora-2016,https://archive.org/services/img/burzahom-do-you-remember-kunan-poshpora-2016,https://archive.org/download/burzahom-do-you-remember-kunan-poshpora-2016/burzahom-do-you-remember-kunan-poshpora-2016.pdf
Early Neolithic Agriculture 2700–2000 BC and Kushan Period Developments,Unknown,English,Academic & Research,https://archive.org/details/burzahom-early-neolithic-agriculture-27002000-bc-and-kushan-period-developments,burzahom-early-neolithic-agriculture-27002000-bc-and-kushan-period-developments,https://archive.org/services/img/burzahom-early-neolithic-agriculture-27002000-bc-and-kushan-period-developments,https://archive.org/download/burzahom-early-neolithic-agriculture-27002000-bc-and-kushan-period-developments/burzahom-early-neolithic-agriculture-27002000-bc-and-kushan-period-developments.pdf
"Equality, Hierarchy, and Exclusion in Azad Kashmir",Unknown,English,Academic & Research,https://archive.org/details/burzahom-equality-hierarchy-and-exclusion-in-azad-kashmir,burzahom-equality-hierarchy-and-exclusion-in-azad-kashmir,https://archive.org/services/img/burzahom-equality-hierarchy-and-exclusion-in-azad-kashmir,https://archive.org/download/burzahom-equality-hierarchy-and-exclusion-in-azad-kashmir/burzahom-equality-hierarchy-and-exclusion-in-azad-kashmir.pdf
Kashmir Prediliction,Fazili,English,Politics & Law,https://archive.org/details/burzahom-kashmir-prediliction,burzahom-kashmir-prediliction,https://archive.org/services/img/burzahom-kashmir-prediliction,https://archive.org/download/burzahom-kashmir-prediliction/burzahom-kashmir-prediliction.pdf
"Humsheera, Humsaya - Sisters, Neighbours",Unknown,English/Urdu,Fiction,https://archive.org/details/burzahom-humsheera-humsaya--sisters-neighbours,burzahom-humsheera-humsaya--sisters-neighbours,https://archive.org/services/img/burzahom-humsheera-humsaya--sisters-neighbours,https://archive.org/download/burzahom-humsheera-humsaya--sisters-neighbours/burzahom-humsheera-humsaya--sisters-neighbours.pdf
"Gender, Jihad, and Jingoism - Women as Perpetrators",Unknown,English,Academic & Research,https://archive.org/details/burzahom-gender-jihad-and-jingoism--women-as-perpetrators,burzahom-gender-jihad-and-jingoism--women-as-perpetrators,https://archive.org/services/img/burzahom-gender-jihad-and-jingoism--women-as-perpetrators,https://archive.org/download/burzahom-gender-jihad-and-jingoism--women-as-perpetrators/burzahom-gender-jihad-and-jingoism--women-as-perpetrators.pdf
Kashmir - The Untold Story,Humra Quraishi,English,Politics & Law,https://archive.org/details/burzahom-kashmir--the-untold-story,burzahom-kashmir--the-untold-story,https://archive.org/services/img/burzahom-kashmir--the-untold-story,https://archive.org/download/burzahom-kashmir--the-untold-story/burzahom-kashmir--the-untold-story.pdf
Inter-communal Relations Jammu and Kashmir,Nirmal Singh,English,Academic & Research,https://archive.org/details/burzahom-intercommunal-relations-jammu-and-kashmir,burzahom-intercommunal-relations-jammu-and-kashmir,https://archive.org/services/img/burzahom-intercommunal-relations-jammu-and-kashmir,https://archive.org/download/burzahom-intercommunal-relations-jammu-and-kashmir/burzahom-intercommunal-relations-jammu-and-kashmir.pdf
Kashmir Conflict,Unknown,English,Politics & Law,https://archive.org/details/burzahom-kashmir-conflict,burzahom-kashmir-conflict,https://archive.org/services/img/burzahom-kashmir-conflict,https://archive.org/download/burzahom-kashmir-conflict/burzahom-kashmir-conflict.pdf
"Gul Gulshan Gulfam: A Man, His Houseboats",Pran Kishore,English,Biography/Memoir,https://archive.org/details/burzahom-gul-gulshan-gulfam-a-man-his-houseboats,burzahom-gul-gulshan-gulfam-a-man-his-houseboats,https://archive.org/services/img/burzahom-gul-gulshan-gulfam-a-man-his-houseboats,https://archive.org/download/burzahom-gul-gulshan-gulfam-a-man-his-houseboats/burzahom-gul-gulshan-gulfam-a-man-his-houseboats.pdf
Muslim Religious Trends,Mushtaq Ahmed Wani,English,Religion & Philosophy,https://archive.org/details/burzahom-muslim-religious-trends,burzahom-muslim-religious-trends,https://archive.org/services/img/burzahom-muslim-religious-trends,https://archive.org/download/burzahom-muslim-religious-trends/burzahom-muslim-religious-trends.pdf
Rajatarangini (Vol-II),Kalhana,English,History,https://archive.org/details/burzahom-rajatarangini-volii,burzahom-rajatarangini-volii,https://archive.org/services/img/burzahom-rajatarangini-volii,https://archive.org/download/burzahom-rajatarangini-volii/burzahom-rajatarangini-volii.pdf
Secession and Security,Unknown,Unknown,Unknown,https://archive.org/details/burzahom-secession-and-security,burzahom-secession-and-security,https://archive.org/services/img/burzahom-secession-and-security,https://archive.org/download/burzahom-secession-and-security/burzahom-secession-and-security.pdf
Poonch Revolt,Unknown,English,History,https://archive.org/details/burzahom-hoon,burzahom-hoon,https://archive.org/services/img/burzahom-hoon,https://archive.org/download/burzahom-hoon/burzahom-hoon.pdf
Nigaristan Kashmir,Unknown,Urdu,Poetry & Literature,https://archive.org/details/burzahom-1935-moved-on-from-kashgar-to-kashmir,burzahom-1935-moved-on-from-kashgar-to-kashmir,https://archive.org/services/img/burzahom-1935-moved-on-from-kashgar-to-kashmir,https://archive.org/download/burzahom-1935-moved-on-from-kashgar-to-kashmir/burzahom-1935-moved-on-from-kashgar-to-kashmir.pdf
Nuclear Kashmir,Unknown,English,Politics & Law,https://archive.org/details/burzahom-1953-the-struggle-for-kashmir,burzahom-1953-the-struggle-for-kashmir,https://archive.org/services/img/burzahom-1953-the-struggle-for-kashmir,https://archive.org/download/burzahom-1953-the-struggle-for-kashmir/burzahom-1953-the-struggle-for-kashmir.pdf
Muslims in Kashmir (1901-1931),Unknown,English,History,https://archive.org/details/burzahom-1966-crisis-in-kashmir-1947-to-1966,burzahom-1966-crisis-in-kashmir-1947-to-1966,https://archive.org/services/img/burzahom-1966-crisis-in-kashmir-1947-to-1966,https://archive.org/download/burzahom-1966-crisis-in-kashmir-1947-to-1966/burzahom-1966-crisis-in-kashmir-1947-to-1966.pdf
Trekking in Kashmir,Unknown,English,Travelogue,https://archive.org/details/burzahom-1974-bungling-in-kashmir,burzahom-1974-bungling-in-kashmir,https://archive.org/services/img/burzahom-1974-bungling-in-kashmir,https://archive.org/download/burzahom-1974-bungling-in-kashmir/burzahom-1974-bungling-in-kashmir.pdf
Central Asia's Contribution to Kashmir,Unknown,English,History,https://archive.org/details/burzahom-1992-agony-of-kashmir,burzahom-1992-agony-of-kashmir,https://archive.org/services/img/burzahom-1992-agony-of-kashmir,https://archive.org/download/burzahom-1992-agony-of-kashmir/burzahom-1992-agony-of-kashmir.pdf
India's Potential Endgame in Kashmir,Unknown,English,Politics & Law,https://archive.org/details/burzahom-a-crusader-in-kashmir,burzahom-a-crusader-in-kashmir,https://archive.org/services/img/burzahom-a-crusader-in-kashmir,https://archive.org/download/burzahom-a-crusader-in-kashmir/burzahom-a-crusader-in-kashmir.pdf
Kashmir Bibliography,Unknown,English,Reference Works,https://archive.org/details/burzahom-farooq-abdullah-kashmirs-prodigal-son--a-biography,burzahom-farooq-abdullah-kashmirs-prodigal-son--a-biography,https://archive.org/services/img/burzahom-farooq-abdullah-kashmirs-prodigal-son--a-biography,https://archive.org/download/burzahom-farooq-abdullah-kashmirs-prodigal-son--a-biography/burzahom-farooq-abdullah-kashmirs-prodigal-son--a-biography.pdf
Pakistan's Endgame in Kashmir,Unknown,English,Politics & Law,https://archive.org/details/burzahom-afghan-rule-in-kashmir,burzahom-afghan-rule-in-kashmir,https://archive.org/services/img/burzahom-afghan-rule-in-kashmir,https://archive.org/download/burzahom-afghan-rule-in-kashmir/burzahom-afghan-rule-in-kashmir.pdf
The Agency of Women in Kashmir,Unknown,English,Academic & Research,https://archive.org/details/burzahom-the-making-of-modern-kashmir-sheikh-abdullah-and-his-times,burzahom-the-making-of-modern-kashmir-sheikh-abdullah-and-his-times,https://archive.org/services/img/burzahom-the-making-of-modern-kashmir-sheikh-abdullah-and-his-times,https://archive.org/download/burzahom-the-making-of-modern-kashmir-sheikh-abdullah-and-his-times/burzahom-the-making-of-modern-kashmir-sheikh-abdullah-and-his-times.pdf
Nature of Land Rights in Kashmir Under Dogras (1846-1947),Unknown,English,History,https://archive.org/details/burzahom-annual-report-on-human-rights-in-kashmir-2022,burzahom-annual-report-on-human-rights-in-kashmir-2022,https://archive.org/services/img/burzahom-annual-report-on-human-rights-in-kashmir-2022,https://archive.org/download/burzahom-annual-report-on-human-rights-in-kashmir-2022/burzahom-annual-report-on-human-rights-in-kashmir-2022.pdf
Baharistan,Unknown,Persian,Poetry & Literature,https://archive.org/details/burzahom-artisan-of-the-paradise-art-and-artisans-of-kashmir,burzahom-artisan-of-the-paradise-art-and-artisans-of-kashmir,https://archive.org/services/img/burzahom-artisan-of-the-paradise-art-and-artisans-of-kashmir,https://archive.org/download/burzahom-artisan-of-the-paradise-art-and-artisans-of-kashmir/burzahom-artisan-of-the-paradise-art-and-artisans-of-kashmir.pdf
The Happy Valley: Sketches of Kashmir and Kashmiris,Unknown,English,Travelogue,https://archive.org/details/burzahom-azad-kashmir-and-british-kashmiris,burzahom-azad-kashmir-and-british-kashmiris,https://archive.org/services/img/burzahom-azad-kashmir-and-british-kashmiris,https://archive.org/download/burzahom-azad-kashmir-and-british-kashmiris/burzahom-azad-kashmir-and-british-kashmiris.pdf
Kashmir's Contribution to Buddhism,Unknown,English,Religion & Philosophy,https://archive.org/details/burzahom-a-contribution-on-muhammadan-architecture-in-kashmir,burzahom-a-contribution-on-muhammadan-architecture-in-kashmir,https://archive.org/services/img/burzahom-a-contribution-on-muhammadan-architecture-in-kashmir,https://archive.org/download/burzahom-a-contribution-on-muhammadan-architecture-in-kashmir/burzahom-a-contribution-on-muhammadan-architecture-in-kashmir.pdf
Paradise on Fire: Syed Ali Geelani and the Struggle for Freedom in Kashmir,Unknown,English,Biography/Memoir,https://archive.org/details/burzahom-history-of-struggle-for-freedom-in-kashmir,burzahom-history-of-struggle-for-freedom-in-kashmir,https://archive.org/services/img/burzahom-history-of-struggle-for-freedom-in-kashmir,https://archive.org/download/burzahom-history-of-struggle-for-freedom-in-kashmir/burzahom-history-of-struggle-for-freedom-in-kashmir.pdf
Rare Collection About Kashmir,Unknown,English,Reference Works,https://archive.org/details/burzahom-beautiful-kashmir,burzahom-beautiful-kashmir,https://archive.org/services/img/burzahom-beautiful-kashmir,https://archive.org/download/burzahom-beautiful-kashmir/burzahom-beautiful-kashmir.pdf
Prostitution in Kashmir,Unknown,English,History,https://archive.org/details/burzahom-behind-the-iron-curtain-in-kashmir,burzahom-behind-the-iron-curtain-in-kashmir,https://archive.org/services/img/burzahom-behind-the-iron-curtain-in-kashmir,https://archive.org/download/burzahom-behind-the-iron-curtain-in-kashmir/burzahom-behind-the-iron-curtain-in-kashmir.pdf
Modern Education and the Rise of Political Consciousness in Kashmir,Unknown,English,History,https://archive.org/details/burzahom-biscoe-in-kashmir,burzahom-biscoe-in-kashmir,https://archive.org/services/img/burzahom-biscoe-in-kashmir,https://archive.org/download/burzahom-biscoe-in-kashmir/burzahom-biscoe-in-kashmir.pdf
The Kashmir Conflict: Why It Defies Solution,Unknown,English,Politics & Law,https://archive.org/details/burzahom-captive-kashmir,burzahom-captive-kashmir,https://archive.org/services/img/burzahom-captive-kashmir,https://archive.org/download/burzahom-captive-kashmir/burzahom-captive-kashmir.pdf
Editorial Coverage of Kashmir Conflict in Pakistani Media,Unknown,English,Journalism & Media,https://archive.org/details/burzahom-political-conspiracies-of-kashmir,burzahom-political-conspiracies-of-kashmir,https://archive.org/services/img/burzahom-political-conspiracies-of-kashmir,https://archive.org/download/burzahom-political-conspiracies-of-kashmir/burzahom-political-conspiracies-of-kashmir.pdf
Media Propaganda and the Kashmir Dispute,Unknown,English,Journalism & Media,https://archive.org/details/burzahom-contested-lands-india-pakistan-and-the-kashmir-dispute,burzahom-contested-lands-india-pakistan-and-the-kashmir-dispute,https://archive.org/services/img/burzahom-contested-lands-india-pakistan-and-the-kashmir-dispute,https://archive.org/download/burzahom-contested-lands-india-pakistan-and-the-kashmir-dispute/burzahom-contested-lands-india-pakistan-and-the-kashmir-dispute.pdf
Orientalist Imaginaries of Travels in Kashmir: Western Representations,Unknown,English,Academic & Research,https://archive.org/details/burzahom-cradle-of-caste-in-kashmir,burzahom-cradle-of-caste-in-kashmir,https://archive.org/services/img/burzahom-cradle-of-caste-in-kashmir,https://archive.org/download/burzahom-cradle-of-caste-in-kashmir/burzahom-cradle-of-caste-in-kashmir.pdf
Dictionary of Kashmiri Phrases,Unknown,English/Kashmiri,Language & Linguistics,https://archive.org/details/burzahom-dictionary-of-kashmiri-proverbs-and-sayings,burzahom-dictionary-of-kashmiri-proverbs-and-sayings,https://archive.org/services/img/burzahom-dictionary-of-kashmiri-proverbs-and-sayings,https://archive.org/download/burzahom-dictionary-of-kashmiri-proverbs-and-sayings/burzahom-dictionary-of-kashmiri-proverbs-and-sayings.pdf
National Movement in Kashmir (1901-1931),Unknown,English,History,https://archive.org/details/burzahom-freedom-movement-in-kashmir-19311940,burzahom-freedom-movement-in-kashmir-19311940,https://archive.org/services/img/burzahom-freedom-movement-in-kashmir-19311940,https://archive.org/download/burzahom-freedom-movement-in-kashmir-19311940/burzahom-freedom-movement-in-kashmir-19311940.pdf
Psychiatric Disorders Among Orphan Kashmiris,Unknown,English,Academic & Research,https://archive.org/details/burzahom-faani-kashmiri,burzahom-faani-kashmiri,https://archive.org/services/img/burzahom-faani-kashmiri,https://archive.org/download/burzahom-faani-kashmiri/burzahom-faani-kashmiri.pdf
"Impact of Conflict Situation on Mental Health in Srinagar, Kashmir",Unknown,English,Academic & Research,https://archive.org/details/burzahom-ihdnamakashmir,burzahom-ihdnamakashmir,https://archive.org/services/img/burzahom-ihdnamakashmir,https://archive.org/download/burzahom-ihdnamakashmir/burzahom-ihdnamakashmir.pdf
South Asia Media Framing Kashmir,Unknown,English,Journalism & Media,https://archive.org/details/burzahom-gae-ja-kashmir,burzahom-gae-ja-kashmir,https://archive.org/services/img/burzahom-gae-ja-kashmir,https://archive.org/download/burzahom-gae-ja-kashmir/burzahom-gae-ja-kashmir.pdf
Khalistan & Kashmir: A Tale of Two Conflicts,Unknown,English,Politics & Law,https://archive.org/details/burzahom-jalta-hua-kashmir,burzahom-jalta-hua-kashmir,https://archive.org/services/img/burzahom-jalta-hua-kashmir,https://archive.org/download/burzahom-jalta-hua-kashmir/burzahom-jalta-hua-kashmir.pdf
Kashmir in the Shadow of War,Unknown,English,Politics & Law,https://archive.org/details/burzahom-jammu-and-kashmir-on-the-eve-of-partition,burzahom-jammu-and-kashmir-on-the-eve-of-partition,https://archive.org/services/img/burzahom-jammu-and-kashmir-on-the-eve-of-partition,https://archive.org/download/burzahom-jammu-and-kashmir-on-the-eve-of-partition/burzahom-jammu-and-kashmir-on-the-eve-of-partition.pdf
Kashmir Shaivism,Unknown,English,Religion & Philosophy,https://archive.org/details/burzahom-kashmakash,burzahom-kashmakash,https://archive.org/services/img/burzahom-kashmakash,https://archive.org/download/burzahom-kashmakash/burzahom-kashmakash.pdf
Orientalism and the Invention of Kashmiri Religion(s),Unknown,English,Academic & Research,https://archive.org/details/burzahom-kashmir-prediction,burzahom-kashmir-prediction,https://archive.org/services/img/burzahom-kashmir-prediction,https://archive.org/download/burzahom-kashmir-prediction/burzahom-kashmir-prediction.pdf
Powerful Pawns of the Kashmir Conflict: Kashmiri Pandit Migrants,Unknown,English,Academic & Research,https://archive.org/details/burzahom-kashmir-and-tibet,burzahom-kashmir-and-tibet,https://archive.org/services/img/burzahom-kashmir-and-tibet,https://archive.org/download/burzahom-kashmir-and-tibet/burzahom-kashmir-and-tibet.pdf
Kashmiri Society as Reflected in Folk Literature (1819-1947),Unknown,English,"Art, Culture & Archaeology",https://archive.org/details/burzahom-kashmiri-futures,burzahom-kashmiri-futures,https://archive.org/services/img/burzahom-kashmiri-futures,https://archive.org/download/burzahom-kashmiri-futures/burzahom-kashmiri-futures.pdf
"Resolving the Kashmir Conflict: Pakistan, India, Kashmiris and Religious Militants",Unknown,English,Politics & Law,https://archive.org/details/burzahom-kashmiri-lyrics,burzahom-kashmiri-lyrics,https://archive.org/services/img/burzahom-kashmiri-lyrics,https://archive.org/download/burzahom-kashmiri-lyrics/burzahom-kashmiri-lyrics.pdf
Kashmir: Exposing the Myth Behind the Narrative,Unknown,English,Politics & Law,https://archive.org/details/burzahom-kashmiri-proverbs,burzahom-kashmiri-proverbs,https://archive.org/services/img/burzahom-kashmiri-proverbs,https://archive.org/download/burzahom-kashmiri-proverbs/burzahom-kashmiri-proverbs.pdf
Nehru's Legacy in Kashmir: Why a Plebiscite Never Happened,Unknown,English,History,https://archive.org/details/burzahom-king-lear-in-kashmiri,burzahom-king-lear-in-kashmiri,https://archive.org/services/img/burzahom-king-lear-in-kashmiri,https://archive.org/download/burzahom-king-lear-in-kashmiri/burzahom-king-lear-in-kashmiri.pdf
Muslim Life and Rituals in Kashmir,Unknown,English,Religion & Philosophy,https://archive.org/details/burzahom-kashmir,burzahom-kashmir,https://archive.org/services/img/burzahom-kashmir,https://archive.org/download/burzahom-kashmir/burzahom-kashmir.pdf
Sheikh Mohammad Abdullah of Kashmir (1965-1975): From Externment to Accord,Unknown,English,Biography/Memoir,https://archive.org/details/burzahom-kashmir-19471965,burzahom-kashmir-19471965,https://archive.org/services/img/burzahom-kashmir-19471965,https://archive.org/download/burzahom-kashmir-19471965/burzahom-kashmir-19471965.pdf
The Story of My Escape,Unknown,English,Biography/Memoir,https://archive.org/details/burzahom-the-history-of-jammu--kashmir-18851925,burzahom-the-history-of-jammu--kashmir-18851925,https://archive.org/services/img/burzahom-the-history-of-jammu--kashmir-18851925,https://archive.org/download/burzahom-the-history-of-jammu--kashmir-18851925/burzahom-the-history-of-jammu--kashmir-18851925.pdf
